{
    "train": {
        "loss": 0.17111328971095202
    },
    "valid": {
        "loss": 0.2363943840776171,
        "acc": 90.72964477539062,
        "dice": 0.6078397631645203
    },
    "step": 9
}
