{
    "acc": 90.65721893310547,
    "dice": 0.46638023853302
}